Ref,Val,Package,PosX,PosY,Rot,Side
"D4","BLUE","LED_1206_3216Metric",28.300000,17.000000,270.000000,bottom
"D5","RED","LED_1206_3216Metric",28.300000,12.400000,90.000000,bottom
"D42","SK6812MINI","LED_SK6812MINI_PLCC4_3.5x3.5mm_P1.75mm",27.500000,-2.000000,90.000000,bottom
"R3","10k","R_0603_1608Metric",-55.500000,6.200000,0.000000,bottom
"SW2","SW_Push","SW_SPST_B3U-1000P",-64.500000,26.500000,90.000000,bottom
"SW3","SW_SPDT","SW_SPDT_PCM12",-58.500000,26.000000,0.000000,bottom
"U2","MT25QL128ABA1ESE","SOP-8_5.28x5.23mm_P1.27mm",-54.900000,11.800000,270.000000,bottom
