"Id";"Designator";"Package";"Quantity";"Designation";"Supplier and ref";
4;"R11,R8";"R_0603_1608Metric";2;"2M";;;
5;"D5,D2";"LED_1206_3216Metric";2;"RED";;;
6;"Q1,Q2";"SOT-23";2;"AO3401A";;;
7;"D4,D1";"LED_1206_3216Metric";2;"BLUE";;;
8;"R12";"R_0603_1608Metric";1;"100k";;;
10;"R4,R6";"R_0603_1608Metric";2;"1k";;;
12;"SW3,SW4";"SW_SPDT_PCM12";2;"SW_SPDT";;;
13;"U1";"Holyiot_18010";1;"Holyiot_18010";;;
14;"R10";"R_0603_1608Metric";2;"10k";;;
15;"J5,J8";"OLED";2;"OLED";;;
17;"R9,R7";"R_0603_1608Metric";2;"5.1k";;;
18;"D3";"D_SOD-323";1;"1N5819";;;
19;"U4";"SOT-23";1;"MCP1700-3302E_SOT23";;;
20;"SW1,SW2";"SW_SPST_B3U-1000P";2;"SW_Push";;;
21;"R5";"R_0603_1608Metric";1;"820k";;;
22;"U3";"TSOT-23-5";1;"LTC4054ES5-4.2";;;
23;"J2";"USB_C_Receptacle_HRO_TYPE-C-31-M-12";1;"USB_C_Receptacle_USB2.0";;;
